Fold,Test AUC,Test AUC Err,Test F1 Score,Test F1 Score Err,Test Precision,Test Precision Err,Test Recall,Test Recall Err,Test Hit,Test mAP,Test mAP Err,Test FocalLoss,Test FocalLoss Err,Test Accuracy,Test Accuracy Err
1,0.5,0.0,0.0,0.0,1.0,0.0,0.0,0.0,0.1,0.31259414755503884,0.0,0.17328685522079468,0.0,0.5,0.0
2,0.5,0.0,0.6666666666666666,0.0,0.5,0.0,1.0,0.0,0.1,0.31259414755503884,0.0,0.36226320266723633,0.0,0.5,0.0
3,0.5,0.0,0.6666666666666666,0.0,0.5,0.0,1.0,0.0,0.1,0.31259414755503884,0.0,0.36226320266723633,0.0,0.5,0.0
4,0.5036496350364963,0.0045620437956204185,0.6682926829268293,0.002039983680130586,0.5018315018315018,0.0023136633300034903,1.0,0.0,0.1,0.31353546828444534,0.0015668768318364834,0.3603340685367584,0.0024114102125167847,0.5036496350364964,0.0045620437956204185
5,0.5,0.0,0.0,0.0,1.0,0.0,0.0,0.0,0.1,0.31259414755503884,0.0,0.17328685522079468,0.0,0.5,0.0
