Fold,Test AUC,Test AUC Err,Test F1 Score,Test F1 Score Err,Test Precision,Test Precision Err,Test Recall,Test Recall Err,Test Hit,Test mAP,Test mAP Err,Test FocalLoss,Test FocalLoss Err,Test Accuracy,Test Accuracy Err
1,0.5478315307155416,0.019081247669028745,0.6886075949367089,0.01027274181385146,0.5271317829457365,0.010219390534878858,0.9927007299270073,0.009124087591240893,0.1,0.33724833513341124,0.010137682885546978,0.3339094817638397,0.009798057004809374,0.551094890510949,0.01824817518248173
2,0.4828373914433374,0.04910449078267354,0.6956521739130435,0.010862636904201306,0.5354330708661418,0.012250349843041908,0.9927007299270073,0.009124087591240893,0.6,0.4703982382091727,0.03541262020216704,0.2541857659816742,0.0074220256879925645,0.5656934306569343,0.02007299270072993
